timestamp,object,trial,method,physical_success,table_collision,lift_height_m,force_closure_mu04,force_closure_mu08,ik_feasible,aperture_valid,confidence_score,latency_ms
2026-10-06 20:05:46,duck,1,Pure Geometric (PCA),False,False,-0.0125,False,False,True,True,0.8,0.59
2026-10-06 20:05:46,duck,1,Pure Geometric (OBB),False,False,-0.0009,False,False,True,True,0.85,0.55
2026-10-06 20:05:46,duck,1,Pure AnyGrasp (AI),False,True,-0.0004,False,False,True,True,0.005,450.55
2026-10-06 20:05:46,duck,1,Hybrid (AI + Geometric Refinement),False,False,0.0,False,False,True,True,0.003,95.39
2026-10-06 20:05:47,duck,2,Pure Geometric (PCA),False,False,-0.0091,False,False,True,True,0.8,0.52
2026-10-06 20:05:47,duck,2,Pure Geometric (OBB),False,False,-0.0047,False,False,True,True,0.85,0.55
2026-10-06 20:05:47,duck,2,Pure AnyGrasp (AI),False,False,-0.0,False,False,True,True,0.005,117.31
2026-10-06 20:05:47,duck,2,Hybrid (AI + Geometric Refinement),False,False,-0.0,False,False,True,True,0.002,98.58
2026-10-06 20:05:47,lego,1,Pure Geometric (PCA),True,False,0.0917,False,False,True,True,0.8,0.46
2026-10-06 20:05:47,lego,1,Pure Geometric (OBB),False,False,0.0053,False,False,True,True,0.85,0.46
2026-10-06 20:05:47,lego,1,Pure AnyGrasp (AI),False,True,-0.0969,False,False,True,True,0.001,108.39
2026-10-06 20:05:47,lego,1,Hybrid (AI + Geometric Refinement),False,False,0.0076,False,False,True,True,0.018,93.15
2026-10-06 20:05:47,lego,2,Pure Geometric (PCA),True,False,0.0914,False,False,True,True,0.8,0.39
2026-10-06 20:05:47,lego,2,Pure Geometric (OBB),False,False,0.0001,False,False,True,True,0.85,0.42
2026-10-06 20:05:47,lego,2,Pure AnyGrasp (AI),False,False,-0.0017,False,False,True,True,0.001,112.13
2026-10-06 20:05:47,lego,2,Hybrid (AI + Geometric Refinement),False,False,-0.0898,False,False,True,True,0.003,97.39
2026-10-06 20:05:48,block,1,Pure Geometric (PCA),True,False,0.0915,False,False,True,True,0.8,0.44
2026-10-06 20:05:48,block,1,Pure Geometric (OBB),False,False,-0.0913,False,False,True,True,0.85,0.45
2026-10-06 20:05:48,block,1,Pure AnyGrasp (AI),False,False,0.0,False,False,False,False,0.0,106.18
2026-10-06 20:05:48,block,1,Hybrid (AI + Geometric Refinement),False,False,0.0,False,False,True,True,0.011,98.25
2026-10-06 20:05:48,block,2,Pure Geometric (PCA),True,False,0.0915,False,False,True,True,0.8,0.49
2026-10-06 20:05:48,block,2,Pure Geometric (OBB),False,False,-0.0913,False,False,True,True,0.85,0.5
2026-10-06 20:05:48,block,2,Pure AnyGrasp (AI),False,False,0.0,False,False,False,False,0.0,112.53
2026-10-06 20:05:48,block,2,Hybrid (AI + Geometric Refinement),False,False,0.0,False,False,True,True,0.005,107.06
2026-10-06 20:05:48,clutter,1,Pure Geometric (PCA),False,False,-0.0107,False,False,True,True,0.8,0.51
2026-10-06 20:05:48,clutter,1,Pure Geometric (OBB),False,False,-0.0015,False,False,True,True,0.4,0.56
2026-10-06 20:05:48,clutter,1,Pure AnyGrasp (AI),False,True,-0.0016,False,False,True,True,0.006,121.9
2026-10-06 20:05:48,clutter,1,Hybrid (AI + Geometric Refinement),False,False,-0.0,False,False,True,True,0.005,108.64
2026-10-06 20:05:49,clutter,2,Pure Geometric (PCA),False,False,0.0477,False,False,True,True,0.8,0.5
2026-10-06 20:05:49,clutter,2,Pure Geometric (OBB),False,False,-0.049,False,False,True,True,0.4,0.56
2026-10-06 20:05:49,clutter,2,Pure AnyGrasp (AI),False,True,-0.0124,False,False,True,True,0.0,123.46
2026-10-06 20:05:49,clutter,2,Hybrid (AI + Geometric Refinement),False,False,0.0,False,False,True,True,0.001,107.36
2026-10-06 20:05:49,real_realsense_scene,1,Pure Geometric (PCA),False,False,0.0,False,False,False,True,0.8,37.46
2026-10-06 20:05:49,real_realsense_scene,1,Pure Geometric (OBB),False,False,0.0,False,False,False,True,0.4,48.84
2026-10-06 20:05:49,real_realsense_scene,1,Pure AnyGrasp (AI),False,False,0.0,False,False,False,True,0.003,133.2
2026-10-06 20:05:49,real_realsense_scene,1,Hybrid (AI + Geometric Refinement),False,False,0.0,False,False,False,True,0.8,157.24
