object,condition,method,success,ik_feasible,table_collision,aperture_valid,centering_error_mm,normal_alignment,confidence_score,latency_ms
mug,clean_dense,Pure AnyGrasp (Baseline),True,True,False,True,34.45,0.53,0.175,412.408
mug,clean_dense,Pure Heuristic (Baseline),True,True,False,True,9.35,0.931,0.8,0.211
mug,clean_dense,AnyGrasp + PCA,True,True,False,True,27.09,0.58,0.175,1.872
mug,clean_dense,AnyGrasp + OBB,True,True,False,True,22.08,0.745,0.1,2.372
mug,clean_dense,AnyGrasp + SurfaceNormals,True,True,False,True,34.45,0.53,0.282,202.01
mug,clean_dense,AnyGrasp + CrossSectionSlice,True,True,False,True,25.22,0.701,0.325,4.754
mug,clean_dense,AnyGrasp + PrimitiveRANSAC,True,True,False,True,5.84,0.995,0.335,2.593
mug,sparse,Pure AnyGrasp (Baseline),True,True,False,True,34.69,0.112,0.017,33.143
mug,sparse,Pure Heuristic (Baseline),True,True,False,True,10.43,0.928,0.8,0.205
mug,sparse,AnyGrasp + PCA,True,True,False,True,25.64,0.282,0.167,1.077
mug,sparse,AnyGrasp + OBB,True,True,False,True,20.55,0.891,0.1,1.438
mug,sparse,AnyGrasp + SurfaceNormals,True,True,False,True,34.69,0.501,0.162,27.716
mug,sparse,AnyGrasp + CrossSectionSlice,True,True,False,True,23.9,0.716,0.167,3.295
mug,sparse,AnyGrasp + PrimitiveRANSAC,True,True,False,True,2.74,0.968,0.18,1.43
mug,noisy_dropout,Pure AnyGrasp (Baseline),True,True,False,True,34.68,0.029,0.033,34.295
mug,noisy_dropout,Pure Heuristic (Baseline),True,True,False,True,10.25,0.87,0.8,0.162
mug,noisy_dropout,AnyGrasp + PCA,True,True,False,True,26.53,0.355,0.183,1.508
mug,noisy_dropout,AnyGrasp + OBB,True,True,False,True,22.53,0.666,0.1,1.981
mug,noisy_dropout,AnyGrasp + SurfaceNormals,True,True,False,True,34.68,0.229,0.092,125.471
mug,noisy_dropout,AnyGrasp + CrossSectionSlice,True,True,False,True,24.94,0.828,0.183,4.254
mug,noisy_dropout,AnyGrasp + PrimitiveRANSAC,True,True,False,True,1.02,0.884,0.173,34.036
duck,clean_dense,Pure AnyGrasp (Baseline),True,True,False,True,48.76,0.733,0.034,34.368
duck,clean_dense,Pure Heuristic (Baseline),True,True,False,True,5.37,0.782,0.8,0.187
duck,clean_dense,AnyGrasp + PCA,True,True,False,True,41.68,0.921,0.084,1.813
duck,clean_dense,AnyGrasp + OBB,True,True,False,True,36.85,0.924,0.234,2.362
duck,clean_dense,AnyGrasp + SurfaceNormals,True,True,False,True,48.76,0.733,0.244,200.534
duck,clean_dense,AnyGrasp + CrossSectionSlice,True,True,False,True,46.45,0.249,0.184,4.772
duck,clean_dense,AnyGrasp + PrimitiveRANSAC,True,True,False,True,48.76,0.733,0.034,38.504
duck,sparse,Pure AnyGrasp (Baseline),True,True,False,True,20.1,0.497,0.034,37.009
duck,sparse,Pure Heuristic (Baseline),True,True,False,True,6.24,0.896,0.8,0.121
duck,sparse,AnyGrasp + PCA,True,True,False,True,17.09,0.646,0.184,1.051
duck,sparse,AnyGrasp + OBB,True,True,False,True,14.72,0.697,0.234,1.382
duck,sparse,AnyGrasp + SurfaceNormals,True,True,False,True,20.1,0.7,0.233,28.272
duck,sparse,AnyGrasp + CrossSectionSlice,True,True,False,True,27.07,0.65,0.184,3.22
duck,sparse,AnyGrasp + PrimitiveRANSAC,True,True,False,True,20.1,0.497,0.034,19.781
duck,noisy_dropout,Pure AnyGrasp (Baseline),True,True,False,True,103.71,0.0,0.05,31.684
duck,noisy_dropout,Pure Heuristic (Baseline),True,True,False,True,6.43,0.804,0.8,0.165
duck,noisy_dropout,AnyGrasp + PCA,True,True,False,True,91.54,0.015,0.2,1.522
duck,noisy_dropout,AnyGrasp + OBB,True,True,False,True,84.93,0.015,0.1,2.002
duck,noisy_dropout,AnyGrasp + SurfaceNormals,True,True,False,True,103.71,0.0,0.035,122.352
duck,noisy_dropout,AnyGrasp + CrossSectionSlice,True,True,False,True,66.36,0.016,0.2,4.217
duck,noisy_dropout,AnyGrasp + PrimitiveRANSAC,True,True,False,True,103.71,0.0,0.05,32.617
torus,clean_dense,Pure AnyGrasp (Baseline),False,True,True,True,27.13,0.065,0.146,33.743
torus,clean_dense,Pure Heuristic (Baseline),True,True,False,True,5.04,0.871,0.8,0.197
torus,clean_dense,AnyGrasp + PCA,False,True,True,True,21.08,0.065,0.196,1.824
torus,clean_dense,AnyGrasp + OBB,False,True,True,True,15.57,0.783,0.1,2.517
torus,clean_dense,AnyGrasp + SurfaceNormals,False,True,True,True,27.13,0.585,0.277,206.321
torus,clean_dense,AnyGrasp + CrossSectionSlice,False,True,True,True,18.67,0.617,0.296,4.63
torus,clean_dense,AnyGrasp + PrimitiveRANSAC,False,True,True,True,1.2,0.991,0.227,39.393
torus,sparse,Pure AnyGrasp (Baseline),False,True,True,True,31.73,0.076,0.06,31.359
torus,sparse,Pure Heuristic (Baseline),True,True,False,True,5.22,0.786,0.8,0.116
torus,sparse,AnyGrasp + PCA,False,True,True,True,24.38,0.0,0.11,1.084
torus,sparse,AnyGrasp + OBB,False,True,True,True,17.92,0.783,0.1,1.373
torus,sparse,AnyGrasp + SurfaceNormals,False,True,True,True,31.73,0.464,0.181,27.569
torus,sparse,AnyGrasp + CrossSectionSlice,False,True,True,True,21.77,0.602,0.21,3.287
torus,sparse,AnyGrasp + PrimitiveRANSAC,False,True,True,True,1.06,0.955,0.145,20.126
torus,noisy_dropout,Pure AnyGrasp (Baseline),True,True,False,True,100.56,0.923,0.114,39.109
torus,noisy_dropout,Pure Heuristic (Baseline),True,True,False,True,5.34,0.602,0.8,0.166
torus,noisy_dropout,AnyGrasp + PCA,True,True,False,True,100.56,0.923,0.114,1.068
torus,noisy_dropout,AnyGrasp + OBB,True,True,False,True,75.73,0.881,0.1,2.044
torus,noisy_dropout,AnyGrasp + SurfaceNormals,True,True,False,True,100.56,0.938,0.361,128.334
torus,noisy_dropout,AnyGrasp + CrossSectionSlice,True,True,False,True,67.35,0.0,0.264,3.676
torus,noisy_dropout,AnyGrasp + PrimitiveRANSAC,True,True,False,True,100.56,0.923,0.114,33.578
glass_bottle,clean_dense,Pure AnyGrasp (Baseline),True,True,False,True,33.71,0.715,0.166,29.567
glass_bottle,clean_dense,Pure Heuristic (Baseline),True,True,False,True,1.25,0.989,0.8,0.204
glass_bottle,clean_dense,AnyGrasp + PCA,True,True,False,True,22.83,0.81,0.316,1.84
glass_bottle,clean_dense,AnyGrasp + OBB,True,True,False,True,16.94,0.809,0.366,2.337
glass_bottle,clean_dense,AnyGrasp + SurfaceNormals,True,True,False,True,33.71,0.715,0.33,201.001
glass_bottle,clean_dense,AnyGrasp + CrossSectionSlice,True,True,False,True,24.9,0.783,0.316,4.744
glass_bottle,clean_dense,AnyGrasp + PrimitiveRANSAC,True,True,False,True,1.76,0.99,0.306,39.845
glass_bottle,sparse,Pure AnyGrasp (Baseline),True,True,False,True,32.97,0.0,0.016,41.345
glass_bottle,sparse,Pure Heuristic (Baseline),True,True,False,True,0.36,0.993,0.8,0.121
glass_bottle,sparse,AnyGrasp + PCA,True,True,False,True,25.31,0.774,0.016,1.045
glass_bottle,sparse,AnyGrasp + OBB,True,True,False,True,18.79,0.869,0.216,1.368
glass_bottle,sparse,AnyGrasp + SurfaceNormals,True,True,False,True,32.97,0.333,0.111,28.136
glass_bottle,sparse,AnyGrasp + CrossSectionSlice,True,True,False,True,34.83,0.67,0.166,3.201
glass_bottle,sparse,AnyGrasp + PrimitiveRANSAC,True,True,False,True,0.66,0.991,0.16,20.552
glass_bottle,noisy_dropout,Pure AnyGrasp (Baseline),True,True,False,True,27.21,0.487,0.038,38.793
glass_bottle,noisy_dropout,Pure Heuristic (Baseline),True,True,False,True,2.03,0.953,0.8,0.17
glass_bottle,noisy_dropout,AnyGrasp + PCA,True,True,False,True,19.85,0.587,0.188,1.562
glass_bottle,noisy_dropout,AnyGrasp + OBB,True,True,False,True,7.22,0.787,0.1,2.039
glass_bottle,noisy_dropout,AnyGrasp + SurfaceNormals,True,True,False,True,27.21,0.704,0.238,129.605
glass_bottle,noisy_dropout,AnyGrasp + CrossSectionSlice,True,True,False,True,32.68,0.631,0.188,4.199
glass_bottle,noisy_dropout,AnyGrasp + PrimitiveRANSAC,True,True,False,True,1.1,0.949,0.154,33.596
box_package,clean_dense,Pure AnyGrasp (Baseline),False,True,True,True,41.52,0.0,0.033,35.6
box_package,clean_dense,Pure Heuristic (Baseline),True,True,False,True,9.81,1.0,0.8,0.196
box_package,clean_dense,AnyGrasp + PCA,True,True,False,True,23.03,1.0,0.183,1.774
box_package,clean_dense,AnyGrasp + OBB,True,True,False,True,20.81,1.0,0.233,2.32
box_package,clean_dense,AnyGrasp + SurfaceNormals,False,True,True,True,41.52,0.642,0.216,200.938
box_package,clean_dense,AnyGrasp + CrossSectionSlice,True,True,False,True,21.68,1.0,0.183,4.723
box_package,clean_dense,AnyGrasp + PrimitiveRANSAC,True,True,False,True,10.31,0.985,0.126,39.089
box_package,sparse,Pure AnyGrasp (Baseline),False,True,True,True,29.38,0.0,0.009,32.383
box_package,sparse,Pure Heuristic (Baseline),True,True,False,True,9.4,1.0,0.8,0.116
box_package,sparse,AnyGrasp + PCA,True,True,False,True,19.26,0.781,0.009,1.044
box_package,sparse,AnyGrasp + OBB,True,True,False,True,17.95,1.0,0.209,1.372
box_package,sparse,AnyGrasp + SurfaceNormals,False,True,True,True,29.38,0.071,0.028,27.615
box_package,sparse,AnyGrasp + CrossSectionSlice,True,True,False,True,19.19,1.0,0.159,3.153
box_package,sparse,AnyGrasp + PrimitiveRANSAC,True,True,False,True,10.58,0.781,0.1,20.147
box_package,noisy_dropout,Pure AnyGrasp (Baseline),True,True,False,True,31.5,0.0,0.051,35.513
box_package,noisy_dropout,Pure Heuristic (Baseline),True,True,False,True,10.43,0.984,0.8,0.168
box_package,noisy_dropout,AnyGrasp + PCA,True,True,False,True,30.12,0.0,0.051,1.55
box_package,noisy_dropout,AnyGrasp + OBB,True,True,False,True,32.22,0.384,0.1,2.041
box_package,noisy_dropout,AnyGrasp + SurfaceNormals,True,True,False,True,31.5,0.675,0.238,123.648
box_package,noisy_dropout,AnyGrasp + CrossSectionSlice,True,True,False,True,21.74,0.552,0.201,4.215
box_package,noisy_dropout,AnyGrasp + PrimitiveRANSAC,True,True,False,True,28.18,0.057,0.132,33.387
flat_disc,clean_dense,Pure AnyGrasp (Baseline),False,False,False,False,999.0,0.0,0.0,25.002287999996042
flat_disc,clean_dense,Pure Heuristic (Baseline),True,True,False,True,18.0,0.444,0.8,0.389
flat_disc,clean_dense,AnyGrasp + PCA,False,False,False,False,999.0,0.0,0.0,0.005722000423702411
flat_disc,clean_dense,AnyGrasp + OBB,False,False,False,False,999.0,0.0,0.0,0.0007459993867087178
flat_disc,clean_dense,AnyGrasp + SurfaceNormals,False,False,False,False,999.0,0.0,0.0,205.63869800025714
flat_disc,clean_dense,AnyGrasp + CrossSectionSlice,False,False,False,False,999.0,0.0,0.0,0.0014750003174412996
flat_disc,clean_dense,AnyGrasp + PrimitiveRANSAC,False,False,False,False,999.0,0.0,0.0,0.0009419991329195909
flat_disc,sparse,Pure AnyGrasp (Baseline),False,False,False,False,999.0,0.0,0.0,23.67943999979616
flat_disc,sparse,Pure Heuristic (Baseline),True,True,False,True,18.05,0.051,0.8,0.256
flat_disc,sparse,AnyGrasp + PCA,False,False,False,False,999.0,0.0,0.0,0.0018439995983499102
flat_disc,sparse,AnyGrasp + OBB,False,False,False,False,999.0,0.0,0.0,0.0013700000636163168
flat_disc,sparse,AnyGrasp + SurfaceNormals,False,False,False,False,999.0,0.0,0.0,25.99577399996633
flat_disc,sparse,AnyGrasp + CrossSectionSlice,False,False,False,False,999.0,0.0,0.0,0.0011520005500642583
flat_disc,sparse,AnyGrasp + PrimitiveRANSAC,False,False,False,False,999.0,0.0,0.0,0.0007970002116053365
flat_disc,noisy_dropout,Pure AnyGrasp (Baseline),False,True,True,True,17.38,0.047,0.072,29.051
flat_disc,noisy_dropout,Pure Heuristic (Baseline),True,True,False,True,18.07,0.036,0.8,0.17
flat_disc,noisy_dropout,AnyGrasp + PCA,False,True,True,True,13.26,0.585,0.122,1.451
flat_disc,noisy_dropout,AnyGrasp + OBB,False,True,True,True,13.68,0.274,0.1,2.055
flat_disc,noisy_dropout,AnyGrasp + SurfaceNormals,False,True,True,True,17.38,0.676,0.253,130.432
flat_disc,noisy_dropout,AnyGrasp + CrossSectionSlice,False,True,True,True,12.43,0.512,0.222,3.234
flat_disc,noisy_dropout,AnyGrasp + PrimitiveRANSAC,False,True,True,True,17.38,0.047,0.072,34.031
dense_clutter,clean_dense,Pure AnyGrasp (Baseline),True,True,False,True,37.56,0.287,0.024,40.519
dense_clutter,clean_dense,Pure Heuristic (Baseline),True,True,False,True,12.72,0.253,0.8,0.22
dense_clutter,clean_dense,AnyGrasp + PCA,True,True,False,True,33.51,0.363,0.174,1.35
dense_clutter,clean_dense,AnyGrasp + OBB,True,True,False,True,33.47,0.363,0.1,2.828
dense_clutter,clean_dense,AnyGrasp + SurfaceNormals,True,True,False,True,37.56,0.427,0.145,286.728
dense_clutter,clean_dense,AnyGrasp + CrossSectionSlice,True,True,False,True,26.69,0.673,0.174,5.12
dense_clutter,clean_dense,AnyGrasp + PrimitiveRANSAC,True,True,False,True,37.56,0.287,0.024,43.142
dense_clutter,sparse,Pure AnyGrasp (Baseline),True,True,False,True,25.38,0.0,0.02,35.263
dense_clutter,sparse,Pure Heuristic (Baseline),True,True,False,True,13.94,0.219,0.8,0.117
dense_clutter,sparse,AnyGrasp + PCA,True,True,False,True,15.62,0.0,0.17,1.044
dense_clutter,sparse,AnyGrasp + OBB,True,True,False,True,8.2,0.185,0.1,1.38
dense_clutter,sparse,AnyGrasp + SurfaceNormals,True,True,False,True,25.38,0.135,0.054,27.989
dense_clutter,sparse,AnyGrasp + CrossSectionSlice,True,True,False,True,12.82,0.283,0.17,3.184
dense_clutter,sparse,AnyGrasp + PrimitiveRANSAC,True,True,False,True,25.38,0.0,0.02,17.781
dense_clutter,noisy_dropout,Pure AnyGrasp (Baseline),True,True,False,True,126.08,0.0,0.09,43.863
dense_clutter,noisy_dropout,Pure Heuristic (Baseline),True,True,False,True,13.56,0.412,0.8,0.188
dense_clutter,noisy_dropout,AnyGrasp + PCA,True,True,False,True,126.08,0.0,0.09,1.535
dense_clutter,noisy_dropout,AnyGrasp + OBB,True,True,False,True,93.63,0.0,0.1,2.289
dense_clutter,noisy_dropout,AnyGrasp + SurfaceNormals,True,True,False,True,126.08,0.0,0.063,176.011
dense_clutter,noisy_dropout,AnyGrasp + CrossSectionSlice,True,True,False,True,85.46,0.038,0.24,4.556
dense_clutter,noisy_dropout,AnyGrasp + PrimitiveRANSAC,True,True,False,True,126.08,0.0,0.09,33.662
