timestamp,scenario,ransac_enabled,raw_points,object_points,reduction_pct,ransac_ms,reduction_ms,inference_ms,total_ms,fps,grasps_count,best_score,table_collision
1789976280.08,default,True,5500,481,91.3,16.18,0.00,41.12,68.24,14.7,1,0.9500,False
1789976280.14,default,False,5500,5500,0.0,0.00,0.00,48.48,58.70,17.0,1,0.9500,True
2.00,default,True,307200,630,99.8,181.63,14.59,56.51,903.20,1.1,3,0.9500,True
4.00,default,True,307200,630,99.8,194.63,9.92,8.67,974.65,1.0,3,0.9500,True
6.00,default,True,307200,630,99.8,184.25,8.41,6.39,868.89,1.2,3,0.9500,True
10.00,default,True,307200,1024,99.7,135.43,26.82,9.12,824.72,1.2,2,0.9500,True
12.00,default,True,307200,1024,99.7,139.77,24.27,9.43,834.04,1.2,3,0.9500,True
14.00,default,True,307200,996,99.7,96.51,46.82,9.56,803.89,1.2,3,0.9500,True
16.00,default,True,307200,351,99.9,205.23,6.08,3.18,897.66,1.1,2,0.8725,True
18.00,default,True,307200,527,99.8,179.59,7.64,4.73,849.89,1.2,3,0.8425,True
20.00,default,True,307200,502,99.8,178.09,8.05,4.65,864.68,1.2,3,0.8775,True
22.00,default,True,307200,502,99.8,169.13,8.54,4.35,846.78,1.2,3,0.8775,True
24.00,default,True,302864,535,99.8,146.09,14.19,4.58,829.58,1.2,3,0.8700,True
26.00,default,True,307200,533,99.8,168.80,10.00,5.54,837.03,1.2,3,0.8650,True
28.00,default,True,307200,515,99.8,171.46,8.30,4.34,838.59,1.2,3,0.8600,True
30.00,default,True,307200,502,99.8,172.41,8.49,4.55,895.52,1.1,3,0.8775,True
32.00,default,True,307200,514,99.8,187.93,7.55,4.27,840.56,1.2,3,0.8575,True
34.01,default,True,307200,533,99.8,180.30,8.17,4.43,836.74,1.2,3,0.8200,True
36.00,default,True,307200,502,99.8,212.00,8.15,4.24,952.90,1.0,3,0.8775,True
38.00,default,True,307200,502,99.8,175.91,7.78,4.40,848.57,1.2,3,0.8775,True
40.00,default,True,307200,551,99.8,160.64,13.46,4.80,835.22,1.2,4,0.8775,True
42.00,default,True,307200,532,99.8,165.14,10.11,4.58,854.41,1.2,3,0.8625,True
44.00,default,True,307200,521,99.8,179.76,7.99,4.57,849.50,1.2,3,0.8600,True
46.00,default,True,307200,503,99.8,175.14,8.11,4.22,859.08,1.2,3,0.8800,True
48.00,default,True,307200,511,99.8,180.21,8.07,4.28,839.98,1.2,3,0.8650,True
50.00,default,True,307200,536,99.8,203.39,8.75,4.39,937.50,1.1,3,0.8275,True
52.00,default,True,307200,503,99.8,178.24,8.27,4.37,838.01,1.2,3,0.8800,True
54.01,default,True,307200,505,99.8,179.11,8.94,8.59,840.53,1.2,3,0.8850,True
56.00,default,True,307200,552,99.8,179.06,13.65,4.82,891.05,1.1,4,0.8800,True
58.00,default,True,307200,533,99.8,170.60,9.69,4.70,874.55,1.1,3,0.8625,True
60.00,default,True,307200,513,99.8,181.27,8.18,4.31,849.29,1.2,3,0.8500,True
62.00,default,True,307200,505,99.8,177.99,8.03,4.30,828.01,1.2,3,0.8850,True
64.00,default,True,307200,514,99.8,171.42,7.78,4.61,857.58,1.2,3,0.8725,True
66.00,default,True,307200,524,99.8,191.61,8.18,6.62,941.15,1.1,4,0.8300,True
68.00,default,True,307200,503,99.8,184.61,8.85,4.47,885.67,1.1,3,0.8800,True
70.00,default,True,307200,503,99.8,165.79,8.44,4.27,858.74,1.2,3,0.8800,True
72.00,default,True,307200,551,99.8,170.36,13.73,4.71,845.49,1.2,4,0.8800,True
74.01,default,True,307200,533,99.8,169.64,9.61,4.50,837.12,1.2,3,0.8625,True
76.00,default,True,307200,520,99.8,179.62,8.43,4.46,862.67,1.2,3,0.8150,True
78.00,default,True,307200,497,99.8,190.12,7.87,4.44,885.26,1.1,3,0.8650,True
80.00,default,True,307200,500,99.8,192.43,7.62,4.33,881.00,1.1,3,0.8650,True
82.00,default,True,307200,515,99.8,167.30,7.77,4.48,860.18,1.2,3,0.8400,True
84.00,default,True,307200,497,99.8,178.52,7.81,4.36,870.08,1.1,3,0.8650,True
86.00,default,True,307200,497,99.8,166.51,7.70,4.52,883.72,1.1,3,0.8650,True
88.00,default,True,307200,539,99.8,173.34,14.11,5.49,894.34,1.1,4,0.8650,True
90.00,default,True,307200,530,99.8,173.33,9.37,5.98,860.98,1.2,3,0.8625,True
2.00,default,False,307200,307200,0.0,0.00,0.00,53953.55,54585.77,0.0,1,0.9500,True
1789976973.79,default,True,2750,244,91.1,6.30,0.00,41.61,48.61,20.6,1,0.9500,False
1789976973.82,default,False,2750,2750,0.0,0.00,0.00,28.15,28.51,35.1,1,0.9500,True
448.00,default,True,153600,610,99.6,70.70,4.42,49.24,133.27,7.5,3,0.9500,True
450.00,default,True,153600,610,99.6,70.18,4.42,7.35,92.54,10.8,3,0.9500,True
452.00,default,True,153600,955,99.4,45.14,14.84,12.14,80.97,12.4,4,0.9500,True
454.00,default,True,153600,1005,99.3,53.26,12.64,13.36,88.10,11.4,2,0.9500,True
456.00,default,True,153600,874,99.4,54.99,11.99,11.18,87.80,11.4,3,0.9500,True
458.00,default,True,153600,610,99.6,54.56,8.93,7.20,79.86,12.5,3,0.9500,True
460.00,default,True,153600,460,99.7,72.78,3.58,5.17,91.31,11.0,2,0.8550,True
462.00,default,True,153600,449,99.7,76.58,3.94,4.96,94.51,10.6,2,0.8550,True
464.00,default,True,147405,426,99.7,65.70,3.77,4.77,84.29,11.9,2,0.8550,True
466.00,default,True,153600,449,99.7,71.44,3.87,5.24,89.10,11.2,2,0.8550,True
468.00,default,True,153600,832,99.5,36.80,20.23,11.08,76.57,13.1,3,0.9500,True
470.00,default,True,153600,1024,99.3,46.63,17.00,13.17,85.26,11.7,2,0.9500,True
472.00,default,True,153600,940,99.4,45.15,18.94,12.28,85.88,11.6,2,0.9500,True
474.00,default,True,153600,307,99.8,77.81,2.45,3.57,93.14,10.7,1,0.9500,True
476.00,default,True,153600,575,99.6,70.72,5.00,6.67,92.92,10.8,2,0.9500,True
478.00,default,True,153600,559,99.6,86.80,4.86,8.54,108.65,9.2,2,0.9500,True
480.00,default,True,143814,448,99.7,66.03,3.61,5.10,82.98,12.1,2,0.9500,True
482.00,default,True,153600,584,99.6,72.14,5.49,7.17,94.42,10.6,2,0.9500,True
484.00,default,True,153600,789,99.5,38.38,21.52,9.89,78.84,12.7,2,0.9500,True
486.00,default,True,153600,1024,99.3,48.29,16.77,13.35,87.26,11.5,2,0.9500,True
488.00,default,True,153600,1024,99.3,50.32,17.44,17.63,94.09,10.6,2,0.9500,True
490.00,default,True,153600,385,99.7,81.08,3.75,5.01,100.22,10.0,1,0.9500,True
492.00,default,True,153600,424,99.7,71.69,3.86,5.48,90.18,11.1,1,0.9500,True
494.00,default,True,153600,440,99.7,93.12,3.60,5.97,110.96,9.0,1,0.9500,True
496.00,default,True,153386,427,99.7,69.94,3.61,5.58,88.51,11.3,1,0.9500,True
498.00,default,True,153600,425,99.7,73.05,3.65,5.67,92.58,10.8,1,0.9500,True
500.00,default,True,153600,396,99.7,73.66,4.24,5.06,92.86,10.8,2,0.8425,True
502.00,default,True,153600,500,99.7,76.72,7.09,6.98,102.20,9.8,1,0.9500,False
504.00,default,True,153600,444,99.7,67.20,5.43,5.35,86.26,11.6,1,0.9500,False
506.00,default,True,153600,167,99.9,76.81,1.87,1.92,89.71,11.1,1,0.8000,True
508.00,default,True,153600,226,99.9,74.74,2.30,2.56,88.97,11.2,1,0.6600,False
510.00,default,True,153600,189,99.9,86.68,1.92,2.18,102.69,9.7,1,0.8000,True
512.00,default,True,138757,138,99.9,64.73,1.28,1.48,77.39,12.9,1,0.8450,True
514.00,default,True,153600,189,99.9,85.10,1.85,2.36,99.46,10.1,1,0.8000,True
516.00,default,True,153600,287,99.8,66.16,3.30,3.11,83.06,12.0,2,0.8825,True
518.00,default,True,153600,305,99.8,71.15,3.90,3.33,87.91,11.4,2,0.9225,True
520.00,default,True,153600,233,99.8,71.91,2.39,2.76,86.06,11.6,1,0.5750,False
522.00,default,True,153600,224,99.9,95.87,1.98,2.61,111.65,9.0,1,0.8000,True
524.00,default,True,153600,248,99.8,69.15,2.25,2.82,83.85,11.9,1,0.5475,False
526.00,default,True,153600,248,99.8,81.02,3.64,5.22,98.53,10.1,1,0.5475,False
528.00,default,True,153600,255,99.8,75.03,2.34,2.91,90.16,11.1,1,0.5475,False
530.00,default,True,153600,258,99.8,76.66,2.48,3.33,92.75,10.8,1,0.5475,False
532.00,default,True,153600,257,99.8,75.60,2.29,2.94,88.95,11.2,1,0.5475,False
534.00,default,True,153600,253,99.8,74.92,2.60,3.08,89.47,11.2,1,0.9500,True
562.01,default,False,153600,1756,98.9,0.00,0.00,56.74,128.19,7.8,2,0.7875,True
564.00,default,False,134610,1354,99.0,0.00,0.00,14.02,91.66,10.9,2,0.6300,True
566.00,default,False,153600,1699,98.9,0.00,0.00,17.24,98.96,10.1,1,0.9500,True
568.00,default,False,153600,1731,98.9,0.00,0.00,18.15,103.18,9.7,2,0.9500,True
570.00,default,False,153600,1749,98.9,0.00,0.00,20.92,98.82,10.1,2,0.9175,True
572.00,default,False,153600,1621,98.9,0.00,0.00,17.46,94.26,10.6,2,0.7650,True
574.00,default,False,153600,1699,98.9,0.00,0.00,16.53,98.42,10.2,1,0.9500,True
576.00,default,False,153600,1705,98.9,0.00,0.00,21.29,105.41,9.5,1,0.9500,True
578.00,default,False,153600,1709,98.9,0.00,0.00,16.37,91.60,10.9,1,0.9500,True
580.00,default,False,151714,1693,98.9,0.00,0.00,18.99,95.59,10.5,1,0.9500,True
582.01,default,False,153600,1709,98.9,0.00,0.00,16.51,91.07,11.0,1,0.9500,True
584.00,default,False,153600,1722,98.9,0.00,0.00,17.04,98.72,10.1,2,0.9500,True
586.00,default,False,153600,1771,98.8,0.00,0.00,18.13,95.63,10.5,1,0.9500,True
588.00,default,False,153600,1652,98.9,0.00,0.00,17.09,99.51,10.0,2,0.7925,True
590.00,default,False,153600,1710,98.9,0.00,0.00,16.43,97.64,10.2,1,0.9500,True
592.00,default,False,153600,1721,98.9,0.00,0.00,17.07,97.12,10.3,2,0.5375,True
594.00,default,False,153600,1685,98.9,0.00,0.00,16.58,98.39,10.2,1,0.9500,True
596.00,default,False,153600,1683,98.9,0.00,0.00,16.02,91.04,11.0,1,0.9500,True
598.00,default,False,153600,1683,98.9,0.00,0.00,16.01,94.87,10.5,1,0.9500,True
600.00,default,False,153600,1669,98.9,0.00,0.00,16.55,107.34,9.3,2,0.9500,True
602.01,default,False,153600,1737,98.9,0.00,0.00,17.14,94.48,10.6,2,0.9300,True
604.00,default,False,153600,1601,99.0,0.00,0.00,16.66,94.02,10.6,2,0.7700,True
606.00,default,False,153600,1683,98.9,0.00,0.00,16.79,91.32,11.0,1,0.9500,True
644.00,default,False,153600,1698,98.9,0.00,0.00,56.65,129.36,7.7,1,0.9500,True
646.00,default,False,108347,1148,98.9,0.00,0.00,10.65,67.52,14.8,1,0.9500,True
648.01,default,False,153600,1687,98.9,0.00,0.00,15.48,96.46,10.4,1,0.9500,True
650.00,default,False,153600,1681,98.9,0.00,0.00,26.53,108.06,9.3,2,0.9500,True
652.00,default,False,153600,1743,98.9,0.00,0.00,22.17,106.49,9.4,2,0.9300,True
654.00,default,False,153600,1601,99.0,0.00,0.00,15.55,95.29,10.5,2,0.7675,True
656.00,default,False,153600,1687,98.9,0.00,0.00,15.45,90.29,11.1,1,0.9500,True
658.00,default,False,153600,1700,98.9,0.00,0.00,16.12,90.63,11.0,1,0.9500,True
660.00,default,False,153600,1687,98.9,0.00,0.00,16.27,99.55,10.0,1,0.9500,True
662.00,default,False,153600,1687,98.9,0.00,0.00,17.81,98.42,10.2,1,0.9500,True
664.00,default,False,153600,1687,98.9,0.00,0.00,15.33,91.86,10.9,1,0.9500,True
666.00,default,False,153600,1702,98.9,0.00,0.00,19.98,109.96,9.1,2,0.9500,True
668.00,default,False,153600,1739,98.9,0.00,0.00,16.49,92.71,10.8,2,0.9275,True
670.00,default,False,153600,1606,99.0,0.00,0.00,17.19,92.56,10.8,2,0.7725,True
672.00,default,False,153600,1687,98.9,0.00,0.00,15.65,91.35,10.9,1,0.9500,True
674.00,default,False,153600,1699,98.9,0.00,0.00,15.58,93.40,10.7,2,0.6000,True
676.00,default,False,153600,1676,98.9,0.00,0.00,15.74,93.83,10.7,1,0.9500,True
678.00,default,False,153600,1676,98.9,0.00,0.00,15.80,94.98,10.5,1,0.9500,True
790.00,default,True,153600,436,99.7,30.12,30.63,56.66,127.04,7.9,2,0.9500,True
792.00,default,True,153600,187,99.9,81.71,2.53,2.13,98.04,10.2,1,0.9175,True
794.00,default,True,153600,332,99.8,69.17,5.34,3.68,86.80,11.5,2,0.9500,True
796.00,default,True,153600,592,99.6,67.18,7.89,8.05,91.97,10.9,1,0.9500,False
798.00,default,True,153600,470,99.7,73.73,10.83,6.27,100.13,10.0,1,0.9500,False
800.00,default,True,153600,228,99.9,81.71,0.00,3.52,94.16,10.6,1,0.8000,True
802.00,default,True,153600,60,100.0,75.42,0.50,0.56,85.35,11.7,1,0.6350,False
804.00,default,True,153600,248,99.8,75.53,0.00,4.10,88.44,11.3,1,0.8000,True
808.00,default,True,153600,566,99.6,83.11,0.00,19.49,112.99,8.9,1,0.8000,True
810.00,default,True,153600,178,99.9,73.93,0.00,2.48,86.04,11.6,1,0.6300,False
812.00,default,True,153600,244,99.8,73.39,2.55,3.38,90.95,11.0,1,0.9500,True
814.00,default,True,153600,245,99.8,73.55,2.36,3.02,87.49,11.4,1,0.9500,True
820.00,default,True,153600,75,100.0,71.65,0.79,0.84,85.64,11.7,1,0.8000,True
822.00,default,True,153600,64,100.0,84.64,0.53,0.66,94.44,10.6,1,0.8000,True
824.00,default,True,153600,523,99.7,76.81,0.00,16.26,102.48,9.8,1,0.8000,True
